email_id,label,topic_id
email_1,ai_phish,6
email_10,ai_phish,6
email_100,ai_phish,6
email_101,ai_phish,6
email_102,ai_phish,7
email_103,ai_phish,1
email_104,ai_phish,2
email_105,ai_phish,6
email_106,ai_phish,6
email_107,ai_phish,7
email_108,ai_phish,1
email_109,ai_phish,2
email_11,ai_phish,6
email_110,ai_phish,6
email_111,ai_phish,6
email_112,ai_phish,7
email_113,ai_phish,1
email_114,ai_phish,2
email_115,ai_phish,6
email_116,ai_phish,6
email_117,ai_phish,7
email_118,ai_phish,1
email_119,ai_phish,2
email_12,ai_phish,6
email_120,ai_phish,6
email_121,ai_phish,6
email_122,ai_phish,7
email_123,ai_phish,1
email_124,ai_phish,2
email_125,ai_phish,6
email_126,ai_phish,6
email_127,ai_phish,7
email_128,ai_phish,1
email_129,ai_phish,2
email_13,ai_phish,6
email_130,ai_phish,6
email_131,ai_phish,7
email_132,ai_phish,1
email_133,ai_phish,2
email_134,ai_phish,6
email_135,ai_phish,6
email_136,ai_phish,7
email_137,ai_phish,1
email_138,ai_phish,2
email_139,ai_phish,6
email_14,ai_phish,6
email_140,ai_phish,6
email_141,ai_phish,7
email_142,ai_phish,1
email_143,ai_phish,2
email_145,ai_phish,6
email_146,ai_phish,7
email_147,ai_phish,1
email_148,ai_phish,2
email_149,ai_phish,6
email_15,ai_phish,6
email_150,ai_phish,6
email_151,ai_phish,7
email_152,ai_phish,1
email_153,ai_phish,2
email_155,ai_phish,6
email_156,ai_phish,7
email_157,ai_phish,1
email_158,ai_phish,2
email_159,ai_phish,6
email_16,ai_phish,6
email_160,ai_phish,6
email_161,ai_phish,7
email_162,ai_phish,1
email_163,ai_phish,2
email_165,ai_phish,6
email_166,ai_phish,7
email_167,ai_phish,1
email_168,ai_phish,2
email_17,ai_phish,6
email_170,ai_phish,6
email_171,ai_phish,7
email_172,ai_phish,1
email_173,ai_phish,2
email_175,ai_phish,6
email_176,ai_phish,7
email_177,ai_phish,1
email_178,ai_phish,2
email_179,ai_phish,6
email_18,ai_phish,6
email_180,ai_phish,6
email_181,ai_phish,7
email_182,ai_phish,1
email_183,ai_phish,2
email_185,ai_phish,6
email_186,ai_phish,7
email_187,ai_phish,1
email_188,ai_phish,2
email_19,ai_phish,6
email_190,ai_phish,6
email_191,ai_phish,1
email_192,ai_phish,1
email_193,ai_phish,2
email_195,ai_phish,6
email_196,ai_phish,1
email_197,ai_phish,1
email_198,ai_phish,2
email_2,ai_phish,6
email_20,ai_phish,7
email_200,ai_phish,6
email_201,ai_phish,1
email_202,ai_phish,1
email_203,ai_phish,2
email_205,ai_phish,6
email_206,ai_phish,1
email_207,ai_phish,1
email_208,ai_phish,2
email_21,ai_phish,6
email_210,ai_phish,6
email_211,ai_phish,1
email_212,ai_phish,1
email_213,ai_phish,2
email_215,ai_phish,6
email_216,ai_phish,1
email_217,ai_phish,1
email_218,ai_phish,2
email_22,ai_phish,6
email_220,ai_phish,6
email_221,ai_phish,1
email_222,ai_phish,1
email_223,ai_phish,2
email_225,ai_phish,6
email_226,ai_phish,1
email_227,ai_phish,1
email_228,ai_phish,2
email_23,ai_phish,6
email_230,ai_phish,6
email_231,ai_phish,1
email_232,ai_phish,1
email_233,ai_phish,2
email_235,ai_phish,6
email_236,ai_phish,1
email_237,ai_phish,1
email_238,ai_phish,2
email_24,ai_phish,6
email_240,ai_phish,6
email_241,ai_phish,1
email_242,ai_phish,1
email_243,ai_phish,2
email_245,ai_phish,6
email_246,ai_phish,1
email_247,ai_phish,1
email_248,ai_phish,2
email_25,ai_phish,6
email_250,ai_phish,6
email_251,ai_phish,1
email_252,ai_phish,1
email_253,ai_phish,2
email_255,ai_phish,6
email_256,ai_phish,1
email_257,ai_phish,1
email_258,ai_phish,2
email_26,ai_phish,6
email_260,ai_phish,6
email_261,ai_phish,1
email_262,ai_phish,1
email_263,ai_phish,2
email_265,ai_phish,6
email_266,ai_phish,1
email_267,ai_phish,1
email_268,ai_phish,2
email_27,ai_phish,6
email_270,ai_phish,6
email_271,ai_phish,1
email_272,ai_phish,1
email_273,ai_phish,2
email_275,ai_phish,6
email_276,ai_phish,1
email_277,ai_phish,1
email_278,ai_phish,2
email_28,ai_phish,6
email_280,ai_phish,6
email_281,ai_phish,1
email_282,ai_phish,1
email_283,ai_phish,2
email_285,ai_phish,6
email_286,ai_phish,1
email_287,ai_phish,1
email_288,ai_phish,2
email_29,ai_phish,6
email_290,ai_phish,6
email_291,ai_phish,1
email_292,ai_phish,1
email_293,ai_phish,2
email_295,ai_phish,6
email_296,ai_phish,1
email_297,ai_phish,1
email_298,ai_phish,2
email_3,ai_phish,6
email_30,ai_phish,6
email_300,ai_phish,6
email_301,ai_phish,1
email_302,ai_phish,1
email_303,ai_phish,2
email_305,ai_phish,6
email_306,ai_phish,1
email_307,ai_phish,1
email_308,ai_phish,2
email_31,ai_phish,7
email_310,ai_phish,6
email_311,ai_phish,1
email_312,ai_phish,1
email_313,ai_phish,2
email_315,ai_phish,6
email_316,ai_phish,1
email_317,ai_phish,1
email_318,ai_phish,2
email_32,ai_phish,6
email_320,ai_phish,6
email_321,ai_phish,1
email_322,ai_phish,1
email_323,ai_phish,2
email_325,ai_phish,6
email_326,ai_phish,1
email_327,ai_phish,1
email_328,ai_phish,2
email_33,ai_phish,6
email_330,ai_phish,6
email_331,ai_phish,1
email_332,ai_phish,1
email_333,ai_phish,2
email_335,ai_phish,6
email_336,ai_phish,1
email_337,ai_phish,1
email_338,ai_phish,2
email_34,ai_phish,6
email_340,ai_phish,6
email_341,ai_phish,1
email_342,ai_phish,1
email_343,ai_phish,2
email_345,ai_phish,6
email_346,ai_phish,1
email_347,ai_phish,1
email_348,ai_phish,2
email_35,ai_phish,6
email_350,ai_phish,6
email_351,ai_phish,1
email_352,ai_phish,1
email_353,ai_phish,2
email_355,ai_phish,6
email_356,ai_phish,1
email_357,ai_phish,1
email_358,ai_phish,2
email_36,ai_phish,6
email_360,ai_phish,6
email_361,ai_phish,1
email_362,ai_phish,1
email_363,ai_phish,2
email_365,ai_phish,6
email_366,ai_phish,1
email_367,ai_phish,1
email_368,ai_phish,2
email_37,ai_phish,6
email_370,ai_phish,6
email_371,ai_phish,1
email_372,ai_phish,1
email_373,ai_phish,2
email_375,ai_phish,6
email_376,ai_phish,1
email_377,ai_phish,1
email_378,ai_phish,2
email_38,ai_phish,6
email_380,ai_phish,6
email_381,ai_phish,1
email_382,ai_phish,1
email_383,ai_phish,2
email_385,ai_phish,6
email_386,ai_phish,1
email_387,ai_phish,1
email_388,ai_phish,2
email_39,ai_phish,7
email_390,ai_phish,6
email_391,ai_phish,1
email_392,ai_phish,1
email_393,ai_phish,2
email_395,ai_phish,6
email_396,ai_phish,1
email_397,ai_phish,1
email_398,ai_phish,2
email_4,ai_phish,6
email_40,ai_phish,6
email_400,ai_phish,6
email_401,ai_phish,1
email_402,ai_phish,6
email_403,ai_phish,2
email_405,ai_phish,6
email_406,ai_phish,1
email_407,ai_phish,1
email_408,ai_phish,2
email_41,ai_phish,6
email_410,ai_phish,6
email_411,ai_phish,1
email_412,ai_phish,6
email_413,ai_phish,2
email_415,ai_phish,6
email_416,ai_phish,1
email_417,ai_phish,1
email_418,ai_phish,2
email_42,ai_phish,6
email_420,ai_phish,6
email_421,ai_phish,1
email_422,ai_phish,1
email_423,ai_phish,2
email_425,ai_phish,6
email_426,ai_phish,1
email_427,ai_phish,1
email_428,ai_phish,2
email_43,ai_phish,7
email_430,ai_phish,6
email_431,ai_phish,1
email_432,ai_phish,1
email_433,ai_phish,2
email_435,ai_phish,6
email_436,ai_phish,1
email_437,ai_phish,1
email_438,ai_phish,2
email_44,ai_phish,6
email_440,ai_phish,2
email_441,ai_phish,5
email_443,ai_phish,2
email_444,ai_phish,3
email_445,ai_phish,6
email_446,ai_phish,1
email_447,ai_phish,2
email_448,ai_phish,3
email_449,ai_phish,6
email_45,ai_phish,6
email_450,ai_phish,2
email_451,ai_phish,6
email_452,ai_phish,2
email_453,ai_phish,1
email_454,ai_phish,1
email_456,ai_phish,2
email_457,ai_phish,4
email_458,ai_phish,7
email_459,ai_phish,3
email_46,ai_phish,6
email_460,ai_phish,2
email_461,ai_phish,2
email_462,ai_phish,6
email_463,ai_phish,4
email_464,ai_phish,2
email_465,ai_phish,0
email_466,ai_phish,4
email_467,ai_phish,4
email_468,ai_phish,0
email_469,ai_phish,0
email_47,ai_phish,6
email_470,ai_phish,3
email_471,ai_phish,0
email_472,ai_phish,3
email_473,ai_phish,0
email_474,ai_phish,4
email_475,ai_phish,2
email_476,ai_phish,0
email_477,ai_phish,5
email_478,ai_phish,0
email_479,ai_phish,0
email_48,ai_phish,6
email_480,ai_phish,2
email_481,ai_phish,4
email_482,ai_phish,2
email_483,ai_phish,7
email_484,ai_phish,0
email_485,ai_phish,0
email_486,ai_phish,2
email_487,ai_phish,3
email_488,ai_phish,4
email_489,ai_phish,0
email_49,ai_phish,6
email_490,ai_phish,2
email_491,ai_phish,0
email_492,ai_phish,4
email_493,ai_phish,0
email_494,ai_phish,2
email_495,ai_phish,4
email_496,ai_phish,7
email_497,ai_phish,0
email_498,ai_phish,7
email_499,ai_phish,2
email_5,ai_phish,6
email_50,ai_phish,7
email_500,ai_phish,4
email_501,ai_phish,4
email_502,ai_phish,0
email_503,ai_phish,2
email_504,ai_phish,0
email_505,ai_phish,0
email_506,ai_phish,2
email_507,ai_phish,4
email_508,ai_phish,7
email_509,ai_phish,0
email_51,ai_phish,6
email_510,ai_phish,2
email_511,ai_phish,1
email_512,ai_phish,7
email_513,ai_phish,0
email_514,ai_phish,7
email_515,ai_phish,2
email_516,ai_phish,4
email_517,ai_phish,7
email_518,ai_phish,0
email_519,ai_phish,2
email_52,ai_phish,6
email_520,ai_phish,0
email_521,ai_phish,0
email_522,ai_phish,0
email_523,ai_phish,2
email_524,ai_phish,0
email_525,ai_phish,0
email_526,ai_phish,2
email_527,ai_phish,4
email_528,ai_phish,7
email_529,ai_phish,0
email_53,ai_phish,6
email_530,ai_phish,2
email_531,ai_phish,0
email_532,ai_phish,0
email_533,ai_phish,2
email_534,ai_phish,0
email_535,ai_phish,0
email_536,ai_phish,2
email_537,ai_phish,4
email_538,ai_phish,7
email_539,ai_phish,0
email_54,ai_phish,6
email_540,ai_phish,2
email_541,ai_phish,0
email_542,ai_phish,0
email_543,ai_phish,2
email_544,ai_phish,4
email_545,ai_phish,0
email_546,ai_phish,2
email_547,ai_phish,4
email_548,ai_phish,7
email_549,ai_phish,2
email_55,ai_phish,4
email_550,ai_phish,6
email_551,ai_phish,2
email_552,ai_phish,1
email_553,ai_phish,0
email_554,ai_phish,4
email_555,ai_phish,5
email_556,ai_phish,0
email_557,ai_phish,0
email_558,ai_phish,0
email_559,ai_phish,1
email_56,ai_phish,6
email_560,ai_phish,6
email_561,ai_phish,2
email_562,ai_phish,4
email_563,ai_phish,5
email_565,ai_phish,3
email_566,ai_phish,4
email_567,ai_phish,2
email_568,ai_phish,5
email_569,ai_phish,4
email_57,ai_phish,7
email_570,ai_phish,2
email_571,ai_phish,5
email_572,ai_phish,5
email_573,ai_phish,1
email_574,ai_phish,4
email_575,ai_phish,3
email_576,ai_phish,5
email_578,ai_phish,2
email_579,ai_phish,4
email_58,ai_phish,6
email_580,ai_phish,0
email_581,ai_phish,0
email_582,ai_phish,0
email_583,ai_phish,0
email_584,ai_phish,6
email_585,ai_phish,2
email_586,ai_phish,5
email_587,ai_phish,1
email_588,ai_phish,4
email_589,ai_phish,3
email_59,ai_phish,6
email_590,ai_phish,5
email_591,ai_phish,1
email_592,ai_phish,5
email_594,ai_phish,2
email_595,ai_phish,5
email_596,ai_phish,6
email_597,ai_phish,2
email_598,ai_phish,4
email_599,ai_phish,5
email_6,ai_phish,6
email_60,ai_phish,6
email_600,ai_phish,1
email_601,ai_phish,4
email_602,ai_phish,3
email_603,ai_phish,5
email_604,ai_phish,3
email_605,ai_phish,0
email_606,ai_phish,0
email_607,ai_phish,0
email_608,ai_phish,0
email_609,ai_phish,4
email_61,ai_phish,4
email_610,ai_phish,2
email_611,ai_phish,0
email_612,ai_phish,0
email_613,ai_phish,4
email_614,ai_phish,5
email_615,ai_phish,2
email_616,ai_phish,5
email_617,ai_phish,1
email_618,ai_phish,4
email_619,ai_phish,3
email_62,ai_phish,6
email_621,ai_phish,1
email_622,ai_phish,5
email_623,ai_phish,4
email_624,ai_phish,2
email_625,ai_phish,1
email_626,ai_phish,5
email_627,ai_phish,1
email_628,ai_phish,5
email_629,ai_phish,2
email_63,ai_phish,7
email_630,ai_phish,5
email_631,ai_phish,1
email_632,ai_phish,4
email_633,ai_phish,3
email_634,ai_phish,0
email_635,ai_phish,2
email_636,ai_phish,3
email_637,ai_phish,4
email_638,ai_phish,0
email_639,ai_phish,0
email_64,ai_phish,4
email_640,ai_phish,0
email_641,ai_phish,4
email_642,ai_phish,0
email_643,ai_phish,4
email_644,ai_phish,5
email_645,ai_phish,2
email_646,ai_phish,5
email_647,ai_phish,1
email_648,ai_phish,4
email_649,ai_phish,3
email_65,ai_phish,6
email_650,ai_phish,4
email_651,ai_phish,2
email_652,ai_phish,1
email_653,ai_phish,5
email_654,ai_phish,1
email_655,ai_phish,5
email_656,ai_phish,2
email_657,ai_phish,5
email_658,ai_phish,1
email_659,ai_phish,4
email_66,ai_phish,6
email_660,ai_phish,3
email_661,ai_phish,4
email_662,ai_phish,0
email_663,ai_phish,4
email_664,ai_phish,0
email_665,ai_phish,0
email_666,ai_phish,0
email_667,ai_phish,2
email_668,ai_phish,1
email_669,ai_phish,5
email_67,ai_phish,4
email_670,ai_phish,1
email_671,ai_phish,5
email_672,ai_phish,2
email_673,ai_phish,5
email_674,ai_phish,1
email_675,ai_phish,4
email_676,ai_phish,3
email_677,ai_phish,4
email_678,ai_phish,2
email_679,ai_phish,0
email_68,ai_phish,7
email_680,ai_phish,0
email_681,ai_phish,0
email_682,ai_phish,0
email_683,ai_phish,0
email_684,ai_phish,1
email_685,ai_phish,5
email_686,ai_phish,1
email_687,ai_phish,5
email_688,ai_phish,2
email_689,ai_phish,5
email_69,ai_phish,6
email_690,ai_phish,1
email_691,ai_phish,4
email_692,ai_phish,3
email_693,ai_phish,4
email_694,ai_phish,2
email_695,ai_phish,1
email_696,ai_phish,5
email_697,ai_phish,1
email_698,ai_phish,5
email_699,ai_phish,2
email_7,ai_phish,6
email_70,ai_phish,6
email_700,ai_phish,5
email_701,ai_phish,1
email_702,ai_phish,4
email_703,ai_phish,3
email_704,ai_phish,0
email_705,ai_phish,0
email_706,ai_phish,4
email_707,ai_phish,0
email_708,ai_phish,0
email_709,ai_phish,0
email_71,ai_phish,6
email_710,ai_phish,0
email_711,ai_phish,3
email_712,ai_phish,0
email_713,ai_phish,0
email_714,ai_phish,0
email_715,ai_phish,3
email_716,ai_phish,0
email_717,ai_phish,4
email_718,ai_phish,0
email_719,ai_phish,0
email_72,ai_phish,6
email_720,ai_phish,0
email_721,ai_phish,0
email_722,ai_phish,0
email_723,ai_phish,0
email_724,ai_phish,3
email_725,ai_phish,0
email_726,ai_phish,0
email_727,ai_phish,0
email_728,ai_phish,3
email_729,ai_phish,0
email_73,ai_phish,7
email_730,ai_phish,4
email_731,ai_phish,0
email_732,ai_phish,0
email_733,ai_phish,0
email_734,ai_phish,0
email_735,ai_phish,0
email_736,ai_phish,5
email_737,ai_phish,3
email_738,ai_phish,3
email_739,ai_phish,0
email_74,ai_phish,4
email_740,ai_phish,0
email_741,ai_phish,0
email_742,ai_phish,3
email_743,ai_phish,5
email_744,ai_phish,0
email_745,ai_phish,3
email_746,ai_phish,5
email_747,ai_phish,3
email_748,ai_phish,0
email_749,ai_phish,2
email_75,ai_phish,6
email_750,ai_phish,3
email_751,ai_phish,3
email_752,ai_phish,0
email_753,ai_phish,0
email_754,ai_phish,3
email_755,ai_phish,5
email_756,ai_phish,0
email_757,ai_phish,3
email_758,ai_phish,5
email_759,ai_phish,3
email_76,ai_phish,6
email_760,ai_phish,0
email_761,ai_phish,2
email_762,ai_phish,3
email_763,ai_phish,3
email_764,ai_phish,3
email_765,ai_phish,5
email_766,ai_phish,0
email_767,ai_phish,5
email_768,ai_phish,3
email_769,ai_phish,0
email_77,ai_phish,7
email_770,ai_phish,3
email_771,ai_phish,0
email_772,ai_phish,5
email_773,ai_phish,3
email_774,ai_phish,3
email_775,ai_phish,0
email_776,ai_phish,3
email_777,ai_phish,0
email_778,ai_phish,0
email_779,ai_phish,0
email_78,ai_phish,1
email_780,ai_phish,2
email_781,ai_phish,3
email_782,ai_phish,1
email_783,ai_phish,0
email_784,ai_phish,3
email_785,ai_phish,5
email_786,ai_phish,5
email_787,ai_phish,1
email_788,ai_phish,2
email_789,ai_phish,5
email_79,ai_phish,2
email_790,ai_phish,3
email_791,ai_phish,0
email_792,ai_phish,2
email_793,ai_phish,3
email_794,ai_phish,1
email_795,ai_phish,0
email_796,ai_phish,3
email_797,ai_phish,5
email_798,ai_phish,5
email_799,ai_phish,1
email_8,ai_phish,6
email_80,ai_phish,6
email_800,ai_phish,2
email_801,ai_phish,5
email_802,ai_phish,3
email_803,ai_phish,0
email_804,ai_phish,2
email_805,ai_phish,3
email_806,ai_phish,1
email_807,ai_phish,0
email_808,ai_phish,3
email_809,ai_phish,0
email_81,ai_phish,6
email_810,ai_phish,5
email_811,ai_phish,3
email_812,ai_phish,0
email_813,ai_phish,3
email_814,ai_phish,0
email_815,ai_phish,3
email_816,ai_phish,5
email_817,ai_phish,5
email_818,ai_phish,1
email_819,ai_phish,2
email_82,ai_phish,7
email_820,ai_phish,5
email_821,ai_phish,3
email_822,ai_phish,0
email_823,ai_phish,2
email_824,ai_phish,3
email_825,ai_phish,1
email_826,ai_phish,0
email_827,ai_phish,3
email_828,ai_phish,5
email_829,ai_phish,5
email_83,ai_phish,1
email_830,ai_phish,1
email_831,ai_phish,2
email_832,ai_phish,5
email_833,ai_phish,3
email_834,ai_phish,0
email_835,ai_phish,2
email_836,ai_phish,3
email_837,ai_phish,0
email_838,ai_phish,0
email_839,ai_phish,0
email_84,ai_phish,2
email_840,ai_phish,0
email_841,ai_phish,3
email_842,ai_phish,3
email_843,ai_phish,3
email_844,ai_phish,3
email_845,ai_phish,1
email_846,ai_phish,0
email_847,ai_phish,3
email_848,ai_phish,5
email_849,ai_phish,5
email_85,ai_phish,6
email_850,ai_phish,1
email_851,ai_phish,2
email_852,ai_phish,5
email_853,ai_phish,3
email_854,ai_phish,0
email_855,ai_phish,2
email_856,ai_phish,3
email_857,ai_phish,1
email_858,ai_phish,0
email_859,ai_phish,3
email_86,ai_phish,6
email_860,ai_phish,5
email_861,ai_phish,5
email_862,ai_phish,1
email_863,ai_phish,2
email_864,ai_phish,0
email_865,ai_phish,0
email_866,ai_phish,0
email_867,ai_phish,0
email_868,ai_phish,0
email_869,ai_phish,0
email_87,ai_phish,7
email_870,ai_phish,5
email_871,ai_phish,3
email_872,ai_phish,0
email_873,ai_phish,3
email_874,ai_phish,0
email_875,ai_phish,0
email_876,ai_phish,0
email_877,ai_phish,3
email_878,ai_phish,5
email_879,ai_phish,3
email_88,ai_phish,1
email_880,ai_phish,0
email_881,ai_phish,2
email_882,ai_phish,3
email_883,ai_phish,3
email_884,ai_phish,0
email_885,ai_phish,5
email_886,ai_phish,3
email_887,ai_phish,0
email_888,ai_phish,0
email_889,ai_phish,3
email_89,ai_phish,2
email_890,ai_phish,5
email_891,ai_phish,3
email_892,ai_phish,0
email_893,ai_phish,2
email_894,ai_phish,5
email_895,ai_phish,3
email_896,ai_phish,0
email_897,ai_phish,3
email_898,ai_phish,3
email_899,ai_phish,0
email_9,ai_phish,6
email_90,ai_phish,6
email_900,ai_phish,0
email_901,ai_phish,0
email_902,ai_phish,0
email_903,ai_phish,0
email_904,ai_phish,5
email_905,ai_phish,5
email_906,ai_phish,3
email_907,ai_phish,0
email_908,ai_phish,5
email_909,ai_phish,0
email_91,ai_phish,6
email_910,ai_phish,0
email_911,ai_phish,0
email_912,ai_phish,3
email_913,ai_phish,5
email_914,ai_phish,3
email_915,ai_phish,0
email_916,ai_phish,0
email_917,ai_phish,5
email_918,ai_phish,3
email_919,ai_phish,0
email_92,ai_phish,7
email_920,ai_phish,5
email_921,ai_phish,3
email_922,ai_phish,3
email_923,ai_phish,0
email_924,ai_phish,3
email_925,ai_phish,5
email_926,ai_phish,3
email_927,ai_phish,0
email_928,ai_phish,0
email_93,ai_phish,1
email_94,ai_phish,2
email_95,ai_phish,6
email_96,ai_phish,6
email_97,ai_phish,7
email_98,ai_phish,1
email_99,ai_phish,2
